"LOCATION","Country","SUBJECT","Subject","FREQUENCY","Frequency","TIME","Time","Unit Code","Unit","PowerCode Code","PowerCode","Reference Period Code","Reference Period","Value","Flag Codes","Flags"
"AUS","Australia","YGTT07L1_ST","Labour force","A","Annual","2005","2005",,,"0","Units",,,10404.22,,
"AUS","Australia","YGTT07L1_ST","Labour force","A","Annual","2006","2006",,,"0","Units",,,10632.72,,
"AUS","Australia","YGTT07L1_ST","Labour force","A","Annual","2007","2007",,,"0","Units",,,10911.88,,
"AUS","Australia","YGTT07L1_ST","Labour force","A","Annual","2008","2008",,,"0","Units",,,11205.63,,
"AUS","Australia","YGTT07L1_ST","Labour force","A","Annual","2009","2009",,,"0","Units",,,11441.82,,
"AUS","Australia","YGTT07L1_ST","Labour force","A","Annual","2010","2010",,,"0","Units",,,11628.23,,
"AUS","Australia","YGTT07L1_ST","Labour force","A","Annual","2011","2011",,,"0","Units",,,11814.1,,
"AUS","Australia","YGTT07L1_ST","Labour force","A","Annual","2012","2012",,,"0","Units",,,11976.4,,
"AUS","Australia","YGTT07L1_ST","Labour force","A","Annual","2013","2013",,,"0","Units",,,12144.32,,
"AUS","Australia","YGTT07L1_ST","Labour force","A","Annual","2014","2014",,,"0","Units",,,12286.8,,
"AUS","Australia","YGTT07L1_ST","Labour force","A","Annual","2015","2015",,,"0","Units",,,12524.53,,
"AUS","Australia","YGTT07L1_ST","Labour force","A","Annual","2016","2016",,,"0","Units",,,12698.14,,
"AUS","Australia","YGTT07L1_ST","Labour force","A","Annual","2017","2017",,,"0","Units",,,12977.56,,
"AUS","Australia","YGTT07L1_ST","Labour force","A","Annual","2018","2018",,,"0","Units",,,13287.7,,
"AUT","Austria","YGTT07L1_ST","Labour force","A","Annual","2005","2005",,,"0","Units",,,3970.875,,
"AUT","Austria","YGTT07L1_ST","Labour force","A","Annual","2006","2006",,,"0","Units",,,4037.65,"B","Break"
"AUT","Austria","YGTT07L1_ST","Labour force","A","Annual","2007","2007",,,"0","Units",,,4123.925,,
"AUT","Austria","YGTT07L1_ST","Labour force","A","Annual","2008","2008",,,"0","Units",,,4166.05,,
"AUT","Austria","YGTT07L1_ST","Labour force","A","Annual","2009","2009",,,"0","Units",,,4205.125,,
"AUT","Austria","YGTT07L1_ST","Labour force","A","Annual","2010","2010",,,"0","Units",,,4220.075,,
"AUT","Austria","YGTT07L1_ST","Labour force","A","Annual","2011","2011",,,"0","Units",,,4246.225,,
"AUT","Austria","YGTT07L1_ST","Labour force","A","Annual","2012","2012",,,"0","Units",,,4293.375,,
"AUT","Austria","YGTT07L1_ST","Labour force","A","Annual","2013","2013",,,"0","Units",,,4336.05,,
"AUT","Austria","YGTT07L1_ST","Labour force","A","Annual","2014","2014",,,"0","Units",,,4357.575,,
"AUT","Austria","YGTT07L1_ST","Labour force","A","Annual","2015","2015",,,"0","Units",,,4400.1,,
"AUT","Austria","YGTT07L1_ST","Labour force","A","Annual","2016","2016",,,"0","Units",,,4490.25,,
"AUT","Austria","YGTT07L1_ST","Labour force","A","Annual","2017","2017",,,"0","Units",,,4508.325,,
"AUT","Austria","YGTT07L1_ST","Labour force","A","Annual","2018","2018",,,"0","Units",,,4539.075,,
"BEL","Belgium","YGTT07L1_ST","Labour force","A","Annual","2005","2005",,,"0","Units",,,4625.85,,
"BEL","Belgium","YGTT07L1_ST","Labour force","A","Annual","2006","2006",,,"0","Units",,,4647.15,,
"BEL","Belgium","YGTT07L1_ST","Labour force","A","Annual","2007","2007",,,"0","Units",,,4733.3,,
"BEL","Belgium","YGTT07L1_ST","Labour force","A","Annual","2008","2008",,,"0","Units",,,4779.3,,
"BEL","Belgium","YGTT07L1_ST","Labour force","A","Annual","2009","2009",,,"0","Units",,,4800.275,,
"BEL","Belgium","YGTT07L1_ST","Labour force","A","Annual","2010","2010",,,"0","Units",,,4894.6,"B","Break"
"BEL","Belgium","YGTT07L1_ST","Labour force","A","Annual","2011","2011",,,"0","Units",,,4855.95,,
"BEL","Belgium","YGTT07L1_ST","Labour force","A","Annual","2012","2012",,,"0","Units",,,4892.925,,
"BEL","Belgium","YGTT07L1_ST","Labour force","A","Annual","2013","2013",,,"0","Units",,,4947.125,,
"BEL","Belgium","YGTT07L1_ST","Labour force","A","Annual","2014","2014",,,"0","Units",,,4966.85,,
"BEL","Belgium","YGTT07L1_ST","Labour force","A","Annual","2015","2015",,,"0","Units",,,4973.475,,
"BEL","Belgium","YGTT07L1_ST","Labour force","A","Annual","2016","2016",,,"0","Units",,,4976.3,"B","Break"
"BEL","Belgium","YGTT07L1_ST","Labour force","A","Annual","2017","2017",,,"0","Units",,,4991.5,,
"BEL","Belgium","YGTT07L1_ST","Labour force","A","Annual","2018","2018",,,"0","Units",,,5055.9,,
"CAN","Canada","YGTT07L1_ST","Labour force","A","Annual","2005","2005",,,"0","Units",,,17292.13,,
"CAN","Canada","YGTT07L1_ST","Labour force","A","Annual","2006","2006",,,"0","Units",,,17502.2,,
"CAN","Canada","YGTT07L1_ST","Labour force","A","Annual","2007","2007",,,"0","Units",,,17846.53,,
"CAN","Canada","YGTT07L1_ST","Labour force","A","Annual","2008","2008",,,"0","Units",,,18122.4,,
"CAN","Canada","YGTT07L1_ST","Labour force","A","Annual","2009","2009",,,"0","Units",,,18250.43,,
"CAN","Canada","YGTT07L1_ST","Labour force","A","Annual","2010","2010",,,"0","Units",,,18450.53,,
"CAN","Canada","YGTT07L1_ST","Labour force","A","Annual","2011","2011",,,"0","Units",,,18619.57,,
"CAN","Canada","YGTT07L1_ST","Labour force","A","Annual","2012","2012",,,"0","Units",,,18809.53,,
"CAN","Canada","YGTT07L1_ST","Labour force","A","Annual","2013","2013",,,"0","Units",,,19037.78,,
"CAN","Canada","YGTT07L1_ST","Labour force","A","Annual","2014","2014",,,"0","Units",,,19124.46,,
"CAN","Canada","YGTT07L1_ST","Labour force","A","Annual","2015","2015",,,"0","Units",,,19278.04,,
"CAN","Canada","YGTT07L1_ST","Labour force","A","Annual","2016","2016",,,"0","Units",,,19440.52,,
"CAN","Canada","YGTT07L1_ST","Labour force","A","Annual","2017","2017",,,"0","Units",,,19662.94,,
"CAN","Canada","YGTT07L1_ST","Labour force","A","Annual","2018","2018",,,"0","Units",,,19812.81,,
"CZE","Czech Republic","YGTT07L1_ST","Labour force","A","Annual","2005","2005",,,"0","Units",,,5174.2,,
"CZE","Czech Republic","YGTT07L1_ST","Labour force","A","Annual","2006","2006",,,"0","Units",,,5199.725,,
"CZE","Czech Republic","YGTT07L1_ST","Labour force","A","Annual","2007","2007",,,"0","Units",,,5198.575,,
"CZE","Czech Republic","YGTT07L1_ST","Labour force","A","Annual","2008","2008",,,"0","Units",,,5232.3,,
"CZE","Czech Republic","YGTT07L1_ST","Labour force","A","Annual","2009","2009",,,"0","Units",,,5286.45,,
"CZE","Czech Republic","YGTT07L1_ST","Labour force","A","Annual","2010","2010",,,"0","Units",,,5268.75,"B","Break"
"CZE","Czech Republic","YGTT07L1_ST","Labour force","A","Annual","2011","2011",,,"0","Units",,,5223.225,,
"CZE","Czech Republic","YGTT07L1_ST","Labour force","A","Annual","2012","2012",,,"0","Units",,,5256.8,,
"CZE","Czech Republic","YGTT07L1_ST","Labour force","A","Annual","2013","2013",,,"0","Units",,,5306,,
"CZE","Czech Republic","YGTT07L1_ST","Labour force","A","Annual","2014","2014",,,"0","Units",,,5297.875,,
"CZE","Czech Republic","YGTT07L1_ST","Labour force","A","Annual","2015","2015",,,"0","Units",,,5309.85,,
"CZE","Czech Republic","YGTT07L1_ST","Labour force","A","Annual","2016","2016",,,"0","Units",,,5349.975,,
"CZE","Czech Republic","YGTT07L1_ST","Labour force","A","Annual","2017","2017",,,"0","Units",,,5376.975,,
"CZE","Czech Republic","YGTT07L1_ST","Labour force","A","Annual","2018","2018",,,"0","Units",,,5415.3,,
"DNK","Denmark","YGTT07L1_ST","Labour force","A","Annual","2005","2005",,,"0","Units",,,2892.075,,
"DNK","Denmark","YGTT07L1_ST","Labour force","A","Annual","2006","2006",,,"0","Units",,,2919.125,,
"DNK","Denmark","YGTT07L1_ST","Labour force","A","Annual","2007","2007",,,"0","Units",,,2914.45,,
"DNK","Denmark","YGTT07L1_ST","Labour force","A","Annual","2008","2008",,,"0","Units",,,2954.2,,
"DNK","Denmark","YGTT07L1_ST","Labour force","A","Annual","2009","2009",,,"0","Units",,,2947.5,,
"DNK","Denmark","YGTT07L1_ST","Labour force","A","Annual","2010","2010",,,"0","Units",,,2924.4,,
"DNK","Denmark","YGTT07L1_ST","Labour force","A","Annual","2011","2011",,,"0","Units",,,2924.125,,
"DNK","Denmark","YGTT07L1_ST","Labour force","A","Annual","2012","2012",,,"0","Units",,,2907.45,,
"DNK","Denmark","YGTT07L1_ST","Labour force","A","Annual","2013","2013",,,"0","Units",,,2889.825,,
"DNK","Denmark","YGTT07L1_ST","Labour force","A","Annual","2014","2014",,,"0","Units",,,2905.55,,
"DNK","Denmark","YGTT07L1_ST","Labour force","A","Annual","2015","2015",,,"0","Units",,,2932.925,"B","Break"
"DNK","Denmark","YGTT07L1_ST","Labour force","A","Annual","2016","2016",,,"0","Units",,,3026.775,"B","Break"
"DNK","Denmark","YGTT07L1_ST","Labour force","A","Annual","2017","2017",,,"0","Units",,,2987.725,,
"DNK","Denmark","YGTT07L1_ST","Labour force","A","Annual","2018","2018",,,"0","Units",,,3018.1,,
"FIN","Finland","YGTT07L1_ST","Labour force","A","Annual","2005","2005",,,"0","Units",,,2620.5,,
"FIN","Finland","YGTT07L1_ST","Labour force","A","Annual","2006","2006",,,"0","Units",,,2647.85,,
"FIN","Finland","YGTT07L1_ST","Labour force","A","Annual","2007","2007",,,"0","Units",,,2674.975,"B","Break"
"FIN","Finland","YGTT07L1_ST","Labour force","A","Annual","2008","2008",,,"0","Units",,,2703.05,,
"FIN","Finland","YGTT07L1_ST","Labour force","A","Annual","2009","2009",,,"0","Units",,,2678.225,,
"FIN","Finland","YGTT07L1_ST","Labour force","A","Annual","2010","2010",,,"0","Units",,,2671.75,,
"FIN","Finland","YGTT07L1_ST","Labour force","A","Annual","2011","2011",,,"0","Units",,,2682.375,,
"FIN","Finland","YGTT07L1_ST","Labour force","A","Annual","2012","2012",,,"0","Units",,,2690.075,,
"FIN","Finland","YGTT07L1_ST","Labour force","A","Annual","2013","2013",,,"0","Units",,,2675.975,,
"FIN","Finland","YGTT07L1_ST","Labour force","A","Annual","2014","2014",,,"0","Units",,,2679.325,,
"FIN","Finland","YGTT07L1_ST","Labour force","A","Annual","2015","2015",,,"0","Units",,,2688.925,,
"FIN","Finland","YGTT07L1_ST","Labour force","A","Annual","2016","2016",,,"0","Units",,,2684.875,,
"FIN","Finland","YGTT07L1_ST","Labour force","A","Annual","2017","2017",,,"0","Units",,,2707.075,,
"FIN","Finland","YGTT07L1_ST","Labour force","A","Annual","2018","2018",,,"0","Units",,,2741.725,,
"FRA","France","YGTT07L1_ST","Labour force","A","Annual","2005","2005",,,"0","Units",,,27303.18,,
"FRA","France","YGTT07L1_ST","Labour force","A","Annual","2006","2006",,,"0","Units",,,27470.8,,
"FRA","France","YGTT07L1_ST","Labour force","A","Annual","2007","2007",,,"0","Units",,,27708.25,,
"FRA","France","YGTT07L1_ST","Labour force","A","Annual","2008","2008",,,"0","Units",,,27896.93,,
"FRA","France","YGTT07L1_ST","Labour force","A","Annual","2009","2009",,,"0","Units",,,28132.05,,
"FRA","France","YGTT07L1_ST","Labour force","A","Annual","2010","2010",,,"0","Units",,,28235.75,,
"FRA","France","YGTT07L1_ST","Labour force","A","Annual","2011","2011",,,"0","Units",,,28248.3,,
"FRA","France","YGTT07L1_ST","Labour force","A","Annual","2012","2012",,,"0","Units",,,28481.82,,
"FRA","France","YGTT07L1_ST","Labour force","A","Annual","2013","2013",,,"0","Units",,,28625.07,"B","Break"
"FRA","France","YGTT07L1_ST","Labour force","A","Annual","2014","2014",,,"0","Units",,,29402.65,,
"FRA","France","YGTT07L1_ST","Labour force","A","Annual","2015","2015",,,"0","Units",,,29477.43,,
"FRA","France","YGTT07L1_ST","Labour force","A","Annual","2016","2016",,,"0","Units",,,29556.25,,
"FRA","France","YGTT07L1_ST","Labour force","A","Annual","2017","2017",,,"0","Units",,,29667.55,,
"FRA","France","YGTT07L1_ST","Labour force","A","Annual","2018","2018",,,"0","Units",,,29823.88,,
"DEU","Germany","YGTT07L1_ST","Labour force","A","Annual","2005","2005",,,"0","Units",,,40932.45,,
"DEU","Germany","YGTT07L1_ST","Labour force","A","Annual","2006","2006",,,"0","Units",,,41417.7,,
"DEU","Germany","YGTT07L1_ST","Labour force","A","Annual","2007","2007",,,"0","Units",,,41589.63,,
"DEU","Germany","YGTT07L1_ST","Labour force","A","Annual","2008","2008",,,"0","Units",,,41677.48,,
"DEU","Germany","YGTT07L1_ST","Labour force","A","Annual","2009","2009",,,"0","Units",,,41699.27,"B","Break"
"DEU","Germany","YGTT07L1_ST","Labour force","A","Annual","2010","2010",,,"0","Units",,,40838.35,"B","Break"
"DEU","Germany","YGTT07L1_ST","Labour force","A","Annual","2011","2011",,,"0","Units",,,41185.98,,
"DEU","Germany","YGTT07L1_ST","Labour force","A","Annual","2012","2012",,,"0","Units",,,41350.93,,
"DEU","Germany","YGTT07L1_ST","Labour force","A","Annual","2013","2013",,,"0","Units",,,41713.2,,
"DEU","Germany","YGTT07L1_ST","Labour force","A","Annual","2014","2014",,,"0","Units",,,41961.25,,
"DEU","Germany","YGTT07L1_ST","Labour force","A","Annual","2015","2015",,,"0","Units",,,42160.43,,
"DEU","Germany","YGTT07L1_ST","Labour force","A","Annual","2016","2016",,,"0","Units",,,43041.38,,
"DEU","Germany","YGTT07L1_ST","Labour force","A","Annual","2017","2017",,,"0","Units",,,43284.82,,
"DEU","Germany","YGTT07L1_ST","Labour force","A","Annual","2018","2018",,,"0","Units",,,43382.32,,
"GRC","Greece","YGTT07L1_ST","Labour force","A","Annual","2005","2005",,,"0","Units",,,4936.9,,
"GRC","Greece","YGTT07L1_ST","Labour force","A","Annual","2006","2006",,,"0","Units",,,4975.725,,
"GRC","Greece","YGTT07L1_ST","Labour force","A","Annual","2007","2007",,,"0","Units",,,4982.4,,
"GRC","Greece","YGTT07L1_ST","Labour force","A","Annual","2008","2008",,,"0","Units",,,4998.3,"B","Break"
"GRC","Greece","YGTT07L1_ST","Labour force","A","Annual","2009","2009",,,"0","Units",,,5040.725,,
"GRC","Greece","YGTT07L1_ST","Labour force","A","Annual","2010","2010",,,"0","Units",,,5029.1,,
"GRC","Greece","YGTT07L1_ST","Labour force","A","Annual","2011","2011",,,"0","Units",,,4936.15,,
"GRC","Greece","YGTT07L1_ST","Labour force","A","Annual","2012","2012",,,"0","Units",,,4890.1,,
"GRC","Greece","YGTT07L1_ST","Labour force","A","Annual","2013","2013",,,"0","Units",,,4843.55,,
"GRC","Greece","YGTT07L1_ST","Labour force","A","Annual","2014","2014",,,"0","Units",,,4810.65,,
"GRC","Greece","YGTT07L1_ST","Labour force","A","Annual","2015","2015",,,"0","Units",,,4807.65,,
"GRC","Greece","YGTT07L1_ST","Labour force","A","Annual","2016","2016",,,"0","Units",,,4804.5,,
"GRC","Greece","YGTT07L1_ST","Labour force","A","Annual","2017","2017",,,"0","Units",,,4779.75,,
"GRC","Greece","YGTT07L1_ST","Labour force","A","Annual","2018","2018",,,"0","Units",,,4743.025,,
"HUN","Hungary","YGTT07L1_ST","Labour force","A","Annual","2005","2005",,,"0","Units",,,4203.675,,
"HUN","Hungary","YGTT07L1_ST","Labour force","A","Annual","2006","2006",,,"0","Units",,,4246.6,,
"HUN","Hungary","YGTT07L1_ST","Labour force","A","Annual","2007","2007",,,"0","Units",,,4214.075,,
"HUN","Hungary","YGTT07L1_ST","Labour force","A","Annual","2008","2008",,,"0","Units",,,4174.625,,
"HUN","Hungary","YGTT07L1_ST","Labour force","A","Annual","2009","2009",,,"0","Units",,,4165.6,,
"HUN","Hungary","YGTT07L1_ST","Labour force","A","Annual","2010","2010",,,"0","Units",,,4201.8,,
"HUN","Hungary","YGTT07L1_ST","Labour force","A","Annual","2011","2011",,,"0","Units",,,4224.975,,
"HUN","Hungary","YGTT07L1_ST","Labour force","A","Annual","2012","2012",,,"0","Units",,,4300.375,,
"HUN","Hungary","YGTT07L1_ST","Labour force","A","Annual","2013","2013",,,"0","Units",,,4333.8,,
"HUN","Hungary","YGTT07L1_ST","Labour force","A","Annual","2014","2014",,,"0","Units",,,4444.2,,
"HUN","Hungary","YGTT07L1_ST","Labour force","A","Annual","2015","2015",,,"0","Units",,,4518.375,,
"HUN","Hungary","YGTT07L1_ST","Labour force","A","Annual","2016","2016",,,"0","Units",,,4586.225,,
"HUN","Hungary","YGTT07L1_ST","Labour force","A","Annual","2017","2017",,,"0","Units",,,4613.1,,
"HUN","Hungary","YGTT07L1_ST","Labour force","A","Annual","2018","2018",,,"0","Units",,,4641.6,,
"ISL","Iceland","YGTT07L1_ST","Labour force","A","Annual","2005","2005",,,"0","Units",,,164.025,,
"ISL","Iceland","YGTT07L1_ST","Labour force","A","Annual","2006","2006",,,"0","Units",,,172.725,,
"ISL","Iceland","YGTT07L1_ST","Labour force","A","Annual","2007","2007",,,"0","Units",,,179.575,"B","Break"
"ISL","Iceland","YGTT07L1_ST","Labour force","A","Annual","2008","2008",,,"0","Units",,,182.425,,
"ISL","Iceland","YGTT07L1_ST","Labour force","A","Annual","2009","2009",,,"0","Units",,,179.175,,
"ISL","Iceland","YGTT07L1_ST","Labour force","A","Annual","2010","2010",,,"0","Units",,,179.325,,
"ISL","Iceland","YGTT07L1_ST","Labour force","A","Annual","2011","2011",,,"0","Units",,,178.55,,
"ISL","Iceland","YGTT07L1_ST","Labour force","A","Annual","2012","2012",,,"0","Units",,,178.625,,
"ISL","Iceland","YGTT07L1_ST","Labour force","A","Annual","2013","2013",,,"0","Units",,,183.1,,
"ISL","Iceland","YGTT07L1_ST","Labour force","A","Annual","2014","2014",,,"0","Units",,,186.75,,
"ISL","Iceland","YGTT07L1_ST","Labour force","A","Annual","2015","2015",,,"0","Units",,,191.25,,
"ISL","Iceland","YGTT07L1_ST","Labour force","A","Annual","2016","2016",,,"0","Units",,,196.3,,
"ISL","Iceland","YGTT07L1_ST","Labour force","A","Annual","2017","2017",,,"0","Units",,,199.325,,
"ISL","Iceland","YGTT07L1_ST","Labour force","A","Annual","2018","2018",,,"0","Units",,,203.875,,
"IRL","Ireland","YGTT07L1_ST","Labour force","A","Annual","2005","2005",,,"0","Units",,,2040.6,,
"IRL","Ireland","YGTT07L1_ST","Labour force","A","Annual","2006","2006",,,"0","Units",,,2138.125,"B","Break"
"IRL","Ireland","YGTT07L1_ST","Labour force","A","Annual","2007","2007",,,"0","Units",,,2337.8,,
"IRL","Ireland","YGTT07L1_ST","Labour force","A","Annual","2008","2008",,,"0","Units",,,2358.8,,
"IRL","Ireland","YGTT07L1_ST","Labour force","A","Annual","2009","2009",,,"0","Units",,,2305.925,,
"IRL","Ireland","YGTT07L1_ST","Labour force","A","Annual","2010","2010",,,"0","Units",,,2253,,
"IRL","Ireland","YGTT07L1_ST","Labour force","A","Annual","2011","2011",,,"0","Units",,,2230.975,,
"IRL","Ireland","YGTT07L1_ST","Labour force","A","Annual","2012","2012",,,"0","Units",,,2224.1,,
"IRL","Ireland","YGTT07L1_ST","Labour force","A","Annual","2013","2013",,,"0","Units",,,2246.325,,
"IRL","Ireland","YGTT07L1_ST","Labour force","A","Annual","2014","2014",,,"0","Units",,,2256.325,,
"IRL","Ireland","YGTT07L1_ST","Labour force","A","Annual","2015","2015",,,"0","Units",,,2283.575,,
"IRL","Ireland","YGTT07L1_ST","Labour force","A","Annual","2016","2016",,,"0","Units",,,2327.125,,
"IRL","Ireland","YGTT07L1_ST","Labour force","A","Annual","2017","2017",,,"0","Units",,,2352,"B","Break"
"IRL","Ireland","YGTT07L1_ST","Labour force","A","Annual","2018","2018",,,"0","Units",,,2395.025,,
"ITA","Italy","YGTT07L1_ST","Labour force","A","Annual","2005","2005",,,"0","Units",,,24284.3,,
"ITA","Italy","YGTT07L1_ST","Labour force","A","Annual","2006","2006",,,"0","Units",,,24411.88,,
"ITA","Italy","YGTT07L1_ST","Labour force","A","Annual","2007","2007",,,"0","Units",,,24375.32,,
"ITA","Italy","YGTT07L1_ST","Labour force","A","Annual","2008","2008",,,"0","Units",,,24754.65,,
"ITA","Italy","YGTT07L1_ST","Labour force","A","Annual","2009","2009",,,"0","Units",,,24605.28,,
"ITA","Italy","YGTT07L1_ST","Labour force","A","Annual","2010","2010",,,"0","Units",,,24582.57,,
"ITA","Italy","YGTT07L1_ST","Labour force","A","Annual","2011","2011",,,"0","Units",,,24659.53,,
"ITA","Italy","YGTT07L1_ST","Labour force","A","Annual","2012","2012",,,"0","Units",,,25256.97,,
"ITA","Italy","YGTT07L1_ST","Labour force","A","Annual","2013","2013",,,"0","Units",,,25259.2,,
"ITA","Italy","YGTT07L1_ST","Labour force","A","Annual","2014","2014",,,"0","Units",,,25514.9,,
"ITA","Italy","YGTT07L1_ST","Labour force","A","Annual","2015","2015",,,"0","Units",,,25498.03,,
"ITA","Italy","YGTT07L1_ST","Labour force","A","Annual","2016","2016",,,"0","Units",,,25769.88,,
"ITA","Italy","YGTT07L1_ST","Labour force","A","Annual","2017","2017",,,"0","Units",,,25929.85,,
"ITA","Italy","YGTT07L1_ST","Labour force","A","Annual","2018","2018",,,"0","Units",,,25970.43,,
"JPN","Japan","YGTT07L1_ST","Labour force","A","Annual","2005","2005",,,"0","Units",,,66505.84,,
"JPN","Japan","YGTT07L1_ST","Labour force","A","Annual","2006","2006",,,"0","Units",,,66638.34,,
"JPN","Japan","YGTT07L1_ST","Labour force","A","Annual","2007","2007",,,"0","Units",,,66843.34,,
"JPN","Japan","YGTT07L1_ST","Labour force","A","Annual","2008","2008",,,"0","Units",,,66740,,
"JPN","Japan","YGTT07L1_ST","Labour force","A","Annual","2009","2009",,,"0","Units",,,66500,,
"JPN","Japan","YGTT07L1_ST","Labour force","A","Annual","2010","2010",,,"0","Units",,,66317.5,,
"JPN","Japan","YGTT07L1_ST","Labour force","A","Annual","2011","2011",,,"0","Units",,,65955,"B","Break"
"JPN","Japan","YGTT07L1_ST","Labour force","A","Annual","2012","2012",,,"0","Units",,,65651.66,,
"JPN","Japan","YGTT07L1_ST","Labour force","A","Annual","2013","2013",,,"0","Units",,,65927.5,,
"JPN","Japan","YGTT07L1_ST","Labour force","A","Annual","2014","2014",,,"0","Units",,,66087.5,,
"JPN","Japan","YGTT07L1_ST","Labour force","A","Annual","2015","2015",,,"0","Units",,,66247.5,,
"JPN","Japan","YGTT07L1_ST","Labour force","A","Annual","2016","2016",,,"0","Units",,,66730.84,,
"JPN","Japan","YGTT07L1_ST","Labour force","A","Annual","2017","2017",,,"0","Units",,,67201.66,,
"JPN","Japan","YGTT07L1_ST","Labour force","A","Annual","2018","2018",,,"0","Units",,,68301.66,,
"KOR","Korea","YGTT07L1_ST","Labour force","A","Annual","2005","2005",,,"0","Units",,,23718.32,,
"KOR","Korea","YGTT07L1_ST","Labour force","A","Annual","2006","2006",,,"0","Units",,,24023.77,,
"KOR","Korea","YGTT07L1_ST","Labour force","A","Annual","2007","2007",,,"0","Units",,,24351.38,,
"KOR","Korea","YGTT07L1_ST","Labour force","A","Annual","2008","2008",,,"0","Units",,,24550.63,,
"KOR","Korea","YGTT07L1_ST","Labour force","A","Annual","2009","2009",,,"0","Units",,,24581.86,,
"KOR","Korea","YGTT07L1_ST","Labour force","A","Annual","2010","2010",,,"0","Units",,,24956.43,,
"KOR","Korea","YGTT07L1_ST","Labour force","A","Annual","2011","2011",,,"0","Units",,,25389,,
"KOR","Korea","YGTT07L1_ST","Labour force","A","Annual","2012","2012",,,"0","Units",,,25780.84,,
"KOR","Korea","YGTT07L1_ST","Labour force","A","Annual","2013","2013",,,"0","Units",,,26107.58,,
"KOR","Korea","YGTT07L1_ST","Labour force","A","Annual","2014","2014",,,"0","Units",,,26835.7,,
"KOR","Korea","YGTT07L1_ST","Labour force","A","Annual","2015","2015",,,"0","Units",,,27153.43,,
"KOR","Korea","YGTT07L1_ST","Labour force","A","Annual","2016","2016",,,"0","Units",,,27418.33,,
"KOR","Korea","YGTT07L1_ST","Labour force","A","Annual","2017","2017",,,"0","Units",,,27747.71,,
"KOR","Korea","YGTT07L1_ST","Labour force","A","Annual","2018","2018",,,"0","Units",,,27895.33,,
"LUX","Luxembourg","YGTT07L1_ST","Labour force","A","Annual","2005","2005",,,"0","Units",,,202.7,,
"LUX","Luxembourg","YGTT07L1_ST","Labour force","A","Annual","2006","2006",,,"0","Units",,,205,"B","Break"
"LUX","Luxembourg","YGTT07L1_ST","Labour force","A","Annual","2007","2007",,,"0","Units",,,211.475,,
"LUX","Luxembourg","YGTT07L1_ST","Labour force","A","Annual","2008","2008",,,"0","Units",,,213.15,"B","Break"
"LUX","Luxembourg","YGTT07L1_ST","Labour force","A","Annual","2009","2009",,,"0","Units",,,228.9,,
"LUX","Luxembourg","YGTT07L1_ST","Labour force","A","Annual","2010","2010",,,"0","Units",,,230.9,,
"LUX","Luxembourg","YGTT07L1_ST","Labour force","A","Annual","2011","2011",,,"0","Units",,,236.325,,
"LUX","Luxembourg","YGTT07L1_ST","Labour force","A","Annual","2012","2012",,,"0","Units",,,248.875,,
"LUX","Luxembourg","YGTT07L1_ST","Labour force","A","Annual","2013","2013",,,"0","Units",,,253.55,,
"LUX","Luxembourg","YGTT07L1_ST","Labour force","A","Annual","2014","2014",,,"0","Units",,,260.9,"B","Break"
"LUX","Luxembourg","YGTT07L1_ST","Labour force","A","Annual","2015","2015",,,"0","Units",,,275.875,,
"LUX","Luxembourg","YGTT07L1_ST","Labour force","A","Annual","2016","2016",,,"0","Units",,,277.975,,
"LUX","Luxembourg","YGTT07L1_ST","Labour force","A","Annual","2017","2017",,,"0","Units",,,287.75,,
"LUX","Luxembourg","YGTT07L1_ST","Labour force","A","Annual","2018","2018",,,"0","Units",,,296.475,,
"MEX","Mexico","YGTT07L1_ST","Labour force","A","Annual","2005","2005",,,"0","Units",,,43631.5,,
"MEX","Mexico","YGTT07L1_ST","Labour force","A","Annual","2006","2006",,,"0","Units",,,44982.52,,
"MEX","Mexico","YGTT07L1_ST","Labour force","A","Annual","2007","2007",,,"0","Units",,,45904.54,,
"MEX","Mexico","YGTT07L1_ST","Labour force","A","Annual","2008","2008",,,"0","Units",,,46769.21,,
"MEX","Mexico","YGTT07L1_ST","Labour force","A","Annual","2009","2009",,,"0","Units",,,48018.36,,
"MEX","Mexico","YGTT07L1_ST","Labour force","A","Annual","2010","2010",,,"0","Units",,,48717.79,,
"MEX","Mexico","YGTT07L1_ST","Labour force","A","Annual","2011","2011",,,"0","Units",,,49721.7,,
"MEX","Mexico","YGTT07L1_ST","Labour force","A","Annual","2012","2012",,,"0","Units",,,51228.77,,
"MEX","Mexico","YGTT07L1_ST","Labour force","A","Annual","2013","2013",,,"0","Units",,,51787.09,,
"MEX","Mexico","YGTT07L1_ST","Labour force","A","Annual","2014","2014",,,"0","Units",,,51924.05,,
"MEX","Mexico","YGTT07L1_ST","Labour force","A","Annual","2015","2015",,,"0","Units",,,52905.13,,
"MEX","Mexico","YGTT07L1_ST","Labour force","A","Annual","2016","2016",,,"0","Units",,,53679.95,,
"MEX","Mexico","YGTT07L1_ST","Labour force","A","Annual","2017","2017",,,"0","Units",,,54204.27,,
"MEX","Mexico","YGTT07L1_ST","Labour force","A","Annual","2018","2018",,,"0","Units",,,55554.91,,
"NLD","Netherlands","YGTT07L1_ST","Labour force","A","Annual","2005","2005",,,"0","Units",,,8319.975,,
"NLD","Netherlands","YGTT07L1_ST","Labour force","A","Annual","2006","2006",,,"0","Units",,,8375.475,,
"NLD","Netherlands","YGTT07L1_ST","Labour force","A","Annual","2007","2007",,,"0","Units",,,8541.375,,
"NLD","Netherlands","YGTT07L1_ST","Labour force","A","Annual","2008","2008",,,"0","Units",,,8695.65,,
"NLD","Netherlands","YGTT07L1_ST","Labour force","A","Annual","2009","2009",,,"0","Units",,,8764.4,,
"NLD","Netherlands","YGTT07L1_ST","Labour force","A","Annual","2010","2010",,,"0","Units",,,8724.95,,
"NLD","Netherlands","YGTT07L1_ST","Labour force","A","Annual","2011","2011",,,"0","Units",,,8725.675,,
"NLD","Netherlands","YGTT07L1_ST","Labour force","A","Annual","2012","2012",,,"0","Units",,,8860.9,,
"NLD","Netherlands","YGTT07L1_ST","Labour force","A","Annual","2013","2013",,,"0","Units",,,8932.15,,
"NLD","Netherlands","YGTT07L1_ST","Labour force","A","Annual","2014","2014",,,"0","Units",,,8895.75,,
"NLD","Netherlands","YGTT07L1_ST","Labour force","A","Annual","2015","2015",,,"0","Units",,,8932.525,,
"NLD","Netherlands","YGTT07L1_ST","Labour force","A","Annual","2016","2016",,,"0","Units",,,8965.55,,
"NLD","Netherlands","YGTT07L1_ST","Labour force","A","Annual","2017","2017",,,"0","Units",,,9042.35,,
"NLD","Netherlands","YGTT07L1_ST","Labour force","A","Annual","2018","2018",,,"0","Units",,,9148.425,,
"NZL","New Zealand","YGTT07L1_ST","Labour force","A","Annual","2005","2005",,,"0","Units",,,2164.875,,
"NZL","New Zealand","YGTT07L1_ST","Labour force","A","Annual","2006","2006",,,"0","Units",,,2216.875,,
"NZL","New Zealand","YGTT07L1_ST","Labour force","A","Annual","2007","2007",,,"0","Units",,,2249.35,,
"NZL","New Zealand","YGTT07L1_ST","Labour force","A","Annual","2008","2008",,,"0","Units",,,2266.95,,
"NZL","New Zealand","YGTT07L1_ST","Labour force","A","Annual","2009","2009",,,"0","Units",,,2279.775,,
"NZL","New Zealand","YGTT07L1_ST","Labour force","A","Annual","2010","2010",,,"0","Units",,,2297.875,,
"NZL","New Zealand","YGTT07L1_ST","Labour force","A","Annual","2011","2011",,,"0","Units",,,2327.075,,
"NZL","New Zealand","YGTT07L1_ST","Labour force","A","Annual","2012","2012",,,"0","Units",,,2332.975,,
"NZL","New Zealand","YGTT07L1_ST","Labour force","A","Annual","2013","2013",,,"0","Units",,,2363.1,,
"NZL","New Zealand","YGTT07L1_ST","Labour force","A","Annual","2014","2014",,,"0","Units",,,2436.275,,
"NZL","New Zealand","YGTT07L1_ST","Labour force","A","Annual","2015","2015",,,"0","Units",,,2490.575,,
"NZL","New Zealand","YGTT07L1_ST","Labour force","A","Annual","2016","2016",,,"0","Units",,,2598.175,,
"NZL","New Zealand","YGTT07L1_ST","Labour force","A","Annual","2017","2017",,,"0","Units",,,2694.55,,
"NZL","New Zealand","YGTT07L1_ST","Labour force","A","Annual","2018","2018",,,"0","Units",,,2753.825,,
"NOR","Norway","YGTT07L1_ST","Labour force","A","Annual","2005","2005",,,"0","Units",,,2387.2,"B","Break"
"NOR","Norway","YGTT07L1_ST","Labour force","A","Annual","2006","2006",,,"0","Units",,,2435.75,,
"NOR","Norway","YGTT07L1_ST","Labour force","A","Annual","2007","2007",,,"0","Units",,,2496.425,,
"NOR","Norway","YGTT07L1_ST","Labour force","A","Annual","2008","2008",,,"0","Units",,,2579.475,,
"NOR","Norway","YGTT07L1_ST","Labour force","A","Annual","2009","2009",,,"0","Units",,,2579.5,,
"NOR","Norway","YGTT07L1_ST","Labour force","A","Annual","2010","2010",,,"0","Units",,,2592.05,,
"NOR","Norway","YGTT07L1_ST","Labour force","A","Annual","2011","2011",,,"0","Units",,,2619.75,,
"NOR","Norway","YGTT07L1_ST","Labour force","A","Annual","2012","2012",,,"0","Units",,,2668.775,,
"NOR","Norway","YGTT07L1_ST","Labour force","A","Annual","2013","2013",,,"0","Units",,,2693.8,,
"NOR","Norway","YGTT07L1_ST","Labour force","A","Annual","2014","2014",,,"0","Units",,,2721.4,,
"NOR","Norway","YGTT07L1_ST","Labour force","A","Annual","2015","2015",,,"0","Units",,,2759.575,,
"NOR","Norway","YGTT07L1_ST","Labour force","A","Annual","2016","2016",,,"0","Units",,,2767.65,,
"NOR","Norway","YGTT07L1_ST","Labour force","A","Annual","2017","2017",,,"0","Units",,,2758.7,,
"NOR","Norway","YGTT07L1_ST","Labour force","A","Annual","2018","2018",,,"0","Units",,,2791.95,,
"POL","Poland","YGTT07L1_ST","Labour force","A","Annual","2005","2005",,,"0","Units",,,17160.97,,
"POL","Poland","YGTT07L1_ST","Labour force","A","Annual","2006","2006",,,"0","Units",,,16937.93,,
"POL","Poland","YGTT07L1_ST","Labour force","A","Annual","2007","2007",,,"0","Units",,,16859.25,,
"POL","Poland","YGTT07L1_ST","Labour force","A","Annual","2008","2008",,,"0","Units",,,17010.55,,
"POL","Poland","YGTT07L1_ST","Labour force","A","Annual","2009","2009",,,"0","Units",,,17279.2,"B","Break"
"POL","Poland","YGTT07L1_ST","Labour force","A","Annual","2010","2010",,,"0","Units",,,17123.28,,
"POL","Poland","YGTT07L1_ST","Labour force","A","Annual","2011","2011",,,"0","Units",,,17220.78,,
"POL","Poland","YGTT07L1_ST","Labour force","A","Annual","2012","2012",,,"0","Units",,,17339.88,,
"POL","Poland","YGTT07L1_ST","Labour force","A","Annual","2013","2013",,,"0","Units",,,17360.7,,
"POL","Poland","YGTT07L1_ST","Labour force","A","Annual","2014","2014",,,"0","Units",,,17428.25,,
"POL","Poland","YGTT07L1_ST","Labour force","A","Annual","2015","2015",,,"0","Units",,,17388.13,,
"POL","Poland","YGTT07L1_ST","Labour force","A","Annual","2016","2016",,,"0","Units",,,17260.28,,
"POL","Poland","YGTT07L1_ST","Labour force","A","Annual","2017","2017",,,"0","Units",,,17266.57,,
"POL","Poland","YGTT07L1_ST","Labour force","A","Annual","2018","2018",,,"0","Units",,,17143.28,,
"PRT","Portugal","YGTT07L1_ST","Labour force","A","Annual","2005","2005",,,"0","Units",,,5461.4,,
"PRT","Portugal","YGTT07L1_ST","Labour force","A","Annual","2006","2006",,,"0","Units",,,5499.625,,
"PRT","Portugal","YGTT07L1_ST","Labour force","A","Annual","2007","2007",,,"0","Units",,,5533.15,,
"PRT","Portugal","YGTT07L1_ST","Labour force","A","Annual","2008","2008",,,"0","Units",,,5534.575,,
"PRT","Portugal","YGTT07L1_ST","Labour force","A","Annual","2009","2009",,,"0","Units",,,5486.075,,
"PRT","Portugal","YGTT07L1_ST","Labour force","A","Annual","2010","2010",,,"0","Units",,,5489.675,"B","Break"
"PRT","Portugal","YGTT07L1_ST","Labour force","A","Annual","2011","2011",,,"0","Units",,,5428.25,,
"PRT","Portugal","YGTT07L1_ST","Labour force","A","Annual","2012","2012",,,"0","Units",,,5382.6,,
"PRT","Portugal","YGTT07L1_ST","Labour force","A","Annual","2013","2013",,,"0","Units",,,5284.6,,
"PRT","Portugal","YGTT07L1_ST","Labour force","A","Annual","2014","2014",,,"0","Units",,,5225.575,,
"PRT","Portugal","YGTT07L1_ST","Labour force","A","Annual","2015","2015",,,"0","Units",,,5195.175,,
"PRT","Portugal","YGTT07L1_ST","Labour force","A","Annual","2016","2016",,,"0","Units",,,5178.275,,
"PRT","Portugal","YGTT07L1_ST","Labour force","A","Annual","2017","2017",,,"0","Units",,,5219.425,,
"PRT","Portugal","YGTT07L1_ST","Labour force","A","Annual","2018","2018",,,"0","Units",,,5232.6,,
"SVK","Slovak Republic","YGTT07L1_ST","Labour force","A","Annual","2005","2005",,,"0","Units",,,2645.25,,
"SVK","Slovak Republic","YGTT07L1_ST","Labour force","A","Annual","2006","2006",,,"0","Units",,,2657.7,,
"SVK","Slovak Republic","YGTT07L1_ST","Labour force","A","Annual","2007","2007",,,"0","Units",,,2653.375,,
"SVK","Slovak Republic","YGTT07L1_ST","Labour force","A","Annual","2008","2008",,,"0","Units",,,2689.45,,
"SVK","Slovak Republic","YGTT07L1_ST","Labour force","A","Annual","2009","2009",,,"0","Units",,,2689.775,,
"SVK","Slovak Republic","YGTT07L1_ST","Labour force","A","Annual","2010","2010",,,"0","Units",,,2706.7,"B","Break"
"SVK","Slovak Republic","YGTT07L1_ST","Labour force","A","Annual","2011","2011",,,"0","Units",,,2680.3,,
"SVK","Slovak Republic","YGTT07L1_ST","Labour force","A","Annual","2012","2012",,,"0","Units",,,2706.95,,
"SVK","Slovak Republic","YGTT07L1_ST","Labour force","A","Annual","2013","2013",,,"0","Units",,,2715.4,,
"SVK","Slovak Republic","YGTT07L1_ST","Labour force","A","Annual","2014","2014",,,"0","Units",,,2721.925,,
"SVK","Slovak Republic","YGTT07L1_ST","Labour force","A","Annual","2015","2015",,,"0","Units",,,2738.4,,
"SVK","Slovak Republic","YGTT07L1_ST","Labour force","A","Annual","2016","2016",,,"0","Units",,,2758.9,,
"SVK","Slovak Republic","YGTT07L1_ST","Labour force","A","Annual","2017","2017",,,"0","Units",,,2754.65,,
"SVK","Slovak Republic","YGTT07L1_ST","Labour force","A","Annual","2018","2018",,,"0","Units",,,2746.25,,
"ESP","Spain","YGTT07L1_ST","Labour force","A","Annual","2005","2005",,,"0","Units",,,21140.55,,
"ESP","Spain","YGTT07L1_ST","Labour force","A","Annual","2006","2006",,,"0","Units",,,21779.97,,
"ESP","Spain","YGTT07L1_ST","Labour force","A","Annual","2007","2007",,,"0","Units",,,22426.1,,
"ESP","Spain","YGTT07L1_ST","Labour force","A","Annual","2008","2008",,,"0","Units",,,23065.55,,
"ESP","Spain","YGTT07L1_ST","Labour force","A","Annual","2009","2009",,,"0","Units",,,23260.4,,
"ESP","Spain","YGTT07L1_ST","Labour force","A","Annual","2010","2010",,,"0","Units",,,23364.6,,
"ESP","Spain","YGTT07L1_ST","Labour force","A","Annual","2011","2011",,,"0","Units",,,23434.07,,
"ESP","Spain","YGTT07L1_ST","Labour force","A","Annual","2012","2012",,,"0","Units",,,23443.7,,
"ESP","Spain","YGTT07L1_ST","Labour force","A","Annual","2013","2013",,,"0","Units",,,23190.15,,
"ESP","Spain","YGTT07L1_ST","Labour force","A","Annual","2014","2014",,,"0","Units",,,22954.57,,
"ESP","Spain","YGTT07L1_ST","Labour force","A","Annual","2015","2015",,,"0","Units",,,22922.03,,
"ESP","Spain","YGTT07L1_ST","Labour force","A","Annual","2016","2016",,,"0","Units",,,22822.72,,
"ESP","Spain","YGTT07L1_ST","Labour force","A","Annual","2017","2017",,,"0","Units",,,22741.7,,
"ESP","Spain","YGTT07L1_ST","Labour force","A","Annual","2018","2018",,,"0","Units",,,22806.82,,
"SWE","Sweden","YGTT07L1_ST","Labour force","A","Annual","2005","2005",,,"0","Units",,,4687.325,"B","Break"
"SWE","Sweden","YGTT07L1_ST","Labour force","A","Annual","2006","2006",,,"0","Units",,,4766.25,,
"SWE","Sweden","YGTT07L1_ST","Labour force","A","Annual","2007","2007",,,"0","Units",,,4838.8,,
"SWE","Sweden","YGTT07L1_ST","Labour force","A","Annual","2008","2008",,,"0","Units",,,4898.35,,
"SWE","Sweden","YGTT07L1_ST","Labour force","A","Annual","2009","2009",,,"0","Units",,,4909.325,,
"SWE","Sweden","YGTT07L1_ST","Labour force","A","Annual","2010","2010",,,"0","Units",,,4949.85,,
"SWE","Sweden","YGTT07L1_ST","Labour force","A","Annual","2011","2011",,,"0","Units",,,5017.475,,
"SWE","Sweden","YGTT07L1_ST","Labour force","A","Annual","2012","2012",,,"0","Units",,,5060.75,,
"SWE","Sweden","YGTT07L1_ST","Labour force","A","Annual","2013","2013",,,"0","Units",,,5116.475,,
"SWE","Sweden","YGTT07L1_ST","Labour force","A","Annual","2014","2014",,,"0","Units",,,5184.475,,
"SWE","Sweden","YGTT07L1_ST","Labour force","A","Annual","2015","2015",,,"0","Units",,,5225.125,,
"SWE","Sweden","YGTT07L1_ST","Labour force","A","Annual","2016","2016",,,"0","Units",,,5278.925,,
"SWE","Sweden","YGTT07L1_ST","Labour force","A","Annual","2017","2017",,,"0","Units",,,5383.3,,
"SWE","Sweden","YGTT07L1_ST","Labour force","A","Annual","2018","2018",,,"0","Units",,,5459.1,,
"CHE","Switzerland","YGTT07L1_ST","Labour force","A","Annual","2005","2005",,,"0","Units",,,4159,,
"CHE","Switzerland","YGTT07L1_ST","Labour force","A","Annual","2006","2006",,,"0","Units",,,4220.2,,
"CHE","Switzerland","YGTT07L1_ST","Labour force","A","Annual","2007","2007",,,"0","Units",,,4278.3,,
"CHE","Switzerland","YGTT07L1_ST","Labour force","A","Annual","2008","2008",,,"0","Units",,,4375.4,,
"CHE","Switzerland","YGTT07L1_ST","Labour force","A","Annual","2009","2009",,,"0","Units",,,4451.2,"B","Break"
"CHE","Switzerland","YGTT07L1_ST","Labour force","A","Annual","2010","2010",,,"0","Units",,,4419.9,,
"CHE","Switzerland","YGTT07L1_ST","Labour force","A","Annual","2011","2011",,,"0","Units",,,4496,,
"CHE","Switzerland","YGTT07L1_ST","Labour force","A","Annual","2012","2012",,,"0","Units",,,4555.675,,
"CHE","Switzerland","YGTT07L1_ST","Labour force","A","Annual","2013","2013",,,"0","Units",,,4611.875,,
"CHE","Switzerland","YGTT07L1_ST","Labour force","A","Annual","2014","2014",,,"0","Units",,,4695.625,,
"CHE","Switzerland","YGTT07L1_ST","Labour force","A","Annual","2015","2015",,,"0","Units",,,4767.275,,
"CHE","Switzerland","YGTT07L1_ST","Labour force","A","Annual","2016","2016",,,"0","Units",,,4842.55,,
"CHE","Switzerland","YGTT07L1_ST","Labour force","A","Annual","2017","2017",,,"0","Units",,,4870.35,,
"CHE","Switzerland","YGTT07L1_ST","Labour force","A","Annual","2018","2018",,,"0","Units",,,4906.575,,
"TUR","Turkey","YGTT07L1_ST","Labour force","A","Annual","2006","2006",,,"0","Units",,,22384.75,,
"TUR","Turkey","YGTT07L1_ST","Labour force","A","Annual","2007","2007",,,"0","Units",,,22769,,
"TUR","Turkey","YGTT07L1_ST","Labour force","A","Annual","2008","2008",,,"0","Units",,,23472.13,,
"TUR","Turkey","YGTT07L1_ST","Labour force","A","Annual","2009","2009",,,"0","Units",,,24323.9,,
"TUR","Turkey","YGTT07L1_ST","Labour force","A","Annual","2010","2010",,,"0","Units",,,25288.35,,
"TUR","Turkey","YGTT07L1_ST","Labour force","A","Annual","2011","2011",,,"0","Units",,,26423.57,,
"TUR","Turkey","YGTT07L1_ST","Labour force","A","Annual","2012","2012",,,"0","Units",,,27021.45,,
"TUR","Turkey","YGTT07L1_ST","Labour force","A","Annual","2013","2013",,,"0","Units",,,27961.32,"B","Break"
"TUR","Turkey","YGTT07L1_ST","Labour force","A","Annual","2014","2014",,,"0","Units",,,28773.5,,
"TUR","Turkey","YGTT07L1_ST","Labour force","A","Annual","2015","2015",,,"0","Units",,,29653.9,,
"TUR","Turkey","YGTT07L1_ST","Labour force","A","Annual","2016","2016",,,"0","Units",,,30523.97,,
"TUR","Turkey","YGTT07L1_ST","Labour force","A","Annual","2017","2017",,,"0","Units",,,31617.38,,
"TUR","Turkey","YGTT07L1_ST","Labour force","A","Annual","2018","2018",,,"0","Units",,,32245.32,,
"GBR","United Kingdom","YGTT07L1_ST","Labour force","A","Annual","2005","2005",,,"0","Units",,,30171.95,,
"GBR","United Kingdom","YGTT07L1_ST","Labour force","A","Annual","2006","2006",,,"0","Units",,,30682.1,"B","Break"
"GBR","United Kingdom","YGTT07L1_ST","Labour force","A","Annual","2007","2007",,,"0","Units",,,30885.88,"B","Break"
"GBR","United Kingdom","YGTT07L1_ST","Labour force","A","Annual","2008","2008",,,"0","Units",,,31276.32,,
"GBR","United Kingdom","YGTT07L1_ST","Labour force","A","Annual","2009","2009",,,"0","Units",,,31427.45,,
"GBR","United Kingdom","YGTT07L1_ST","Labour force","A","Annual","2010","2010",,,"0","Units",,,31584.32,,
"GBR","United Kingdom","YGTT07L1_ST","Labour force","A","Annual","2011","2011",,,"0","Units",,,31841.43,,
"GBR","United Kingdom","YGTT07L1_ST","Labour force","A","Annual","2012","2012",,,"0","Units",,,32128.93,,
"GBR","United Kingdom","YGTT07L1_ST","Labour force","A","Annual","2013","2013",,,"0","Units",,,32390.82,,
"GBR","United Kingdom","YGTT07L1_ST","Labour force","A","Annual","2014","2014",,,"0","Units",,,32667.22,,
"GBR","United Kingdom","YGTT07L1_ST","Labour force","A","Annual","2015","2015",,,"0","Units",,,32943.18,,
"GBR","United Kingdom","YGTT07L1_ST","Labour force","A","Annual","2016","2016",,,"0","Units",,,33246.82,,
"GBR","United Kingdom","YGTT07L1_ST","Labour force","A","Annual","2017","2017",,,"0","Units",,,33412.1,,
"GBR","United Kingdom","YGTT07L1_ST","Labour force","A","Annual","2018","2018",,,"0","Units",,,33700.73,,
"USA","United States","YGTT07L1_ST","Labour force","A","Annual","2005","2005",,,"0","Units",,,149320.3,,
"USA","United States","YGTT07L1_ST","Labour force","A","Annual","2006","2006",,,"0","Units",,,151427.6,,
"USA","United States","YGTT07L1_ST","Labour force","A","Annual","2007","2007",,,"0","Units",,,153124.2,,
"USA","United States","YGTT07L1_ST","Labour force","A","Annual","2008","2008",,,"0","Units",,,154286.7,,
"USA","United States","YGTT07L1_ST","Labour force","A","Annual","2009","2009",,,"0","Units",,,154142,,
"USA","United States","YGTT07L1_ST","Labour force","A","Annual","2010","2010",,,"0","Units",,,153888.6,,
"USA","United States","YGTT07L1_ST","Labour force","A","Annual","2011","2011",,,"0","Units",,,153616.7,,
"USA","United States","YGTT07L1_ST","Labour force","A","Annual","2012","2012",,,"0","Units",,,154974.6,,
"USA","United States","YGTT07L1_ST","Labour force","A","Annual","2013","2013",,,"0","Units",,,155389.2,,
"USA","United States","YGTT07L1_ST","Labour force","A","Annual","2014","2014",,,"0","Units",,,155921.8,,
"USA","United States","YGTT07L1_ST","Labour force","A","Annual","2015","2015",,,"0","Units",,,157129.9,,
"USA","United States","YGTT07L1_ST","Labour force","A","Annual","2016","2016",,,"0","Units",,,159187.2,,
"USA","United States","YGTT07L1_ST","Labour force","A","Annual","2017","2017",,,"0","Units",,,160319.8,,
"USA","United States","YGTT07L1_ST","Labour force","A","Annual","2018","2018",,,"0","Units",,,162075,,
"BRA","Brazil","YGTT07L1_ST","Labour force","A","Annual","2005","2005",,,"0","Units",,,94322.81,,
"BRA","Brazil","YGTT07L1_ST","Labour force","A","Annual","2006","2006",,,"0","Units",,,95643.16,,
"BRA","Brazil","YGTT07L1_ST","Labour force","A","Annual","2007","2007",,,"0","Units",,,96828.89,,
"BRA","Brazil","YGTT07L1_ST","Labour force","A","Annual","2008","2008",,,"0","Units",,,98823.86,,
"BRA","Brazil","YGTT07L1_ST","Labour force","A","Annual","2009","2009",,,"0","Units",,,100551.4,,
"BRA","Brazil","YGTT07L1_ST","Labour force","A","Annual","2011","2011",,,"0","Units",,,100218.5,,
"BRA","Brazil","YGTT07L1_ST","Labour force","A","Annual","2012","2012",,,"0","Units",,,101184,,
"BRA","Brazil","YGTT07L1_ST","Labour force","A","Annual","2013","2013",,,"0","Units",,,102169.9,,
"BRA","Brazil","YGTT07L1_ST","Labour force","A","Annual","2014","2014",,,"0","Units",,,105536.8,,
"BRA","Brazil","YGTT07L1_ST","Labour force","A","Annual","2015","2015",,,"0","Units",,,104479.8,"B","Break"
"BRA","Brazil","YGTT07L1_ST","Labour force","A","Annual","2016","2016",,,"0","Units",,,102368.3,,
"BRA","Brazil","YGTT07L1_ST","Labour force","A","Annual","2017","2017",,,"0","Units",,,103886.1,,
"BRA","Brazil","YGTT07L1_ST","Labour force","A","Annual","2018","2018",,,"0","Units",,,104755.9,,
"CHL","Chile","YGTT07L1_ST","Labour force","A","Annual","2005","2005",,,"0","Units",,,6798.408,,
"CHL","Chile","YGTT07L1_ST","Labour force","A","Annual","2006","2006",,,"0","Units",,,6802.753,,
"CHL","Chile","YGTT07L1_ST","Labour force","A","Annual","2007","2007",,,"0","Units",,,6944.387,,
"CHL","Chile","YGTT07L1_ST","Labour force","A","Annual","2008","2008",,,"0","Units",,,7203,,
"CHL","Chile","YGTT07L1_ST","Labour force","A","Annual","2009","2009",,,"0","Units",,,7299.833,,
"CHL","Chile","YGTT07L1_ST","Labour force","A","Annual","2010","2010",,,"0","Units",,,7762.63,,
"CHL","Chile","YGTT07L1_ST","Labour force","A","Annual","2011","2011",,,"0","Units",,,8060.947,,
"CHL","Chile","YGTT07L1_ST","Labour force","A","Annual","2012","2012",,,"0","Units",,,8149.957,,
"CHL","Chile","YGTT07L1_ST","Labour force","A","Annual","2013","2013",,,"0","Units",,,8277.291,,
"CHL","Chile","YGTT07L1_ST","Labour force","A","Annual","2014","2014",,,"0","Units",,,8442.724,,
"CHL","Chile","YGTT07L1_ST","Labour force","A","Annual","2015","2015",,,"0","Units",,,8559.572,,
"CHL","Chile","YGTT07L1_ST","Labour force","A","Annual","2016","2016",,,"0","Units",,,8678.005,,
"CHL","Chile","YGTT07L1_ST","Labour force","A","Annual","2017","2017",,,"0","Units",,,8867.641,,
"CHL","Chile","YGTT07L1_ST","Labour force","A","Annual","2018","2018",,,"0","Units",,,9018.089,,
"EST","Estonia","YGTT07L1_ST","Labour force","A","Annual","2005","2005",,,"0","Units",,,669.3,,
"EST","Estonia","YGTT07L1_ST","Labour force","A","Annual","2006","2006",,,"0","Units",,,692.675,,
"EST","Estonia","YGTT07L1_ST","Labour force","A","Annual","2007","2007",,,"0","Units",,,689.25,,
"EST","Estonia","YGTT07L1_ST","Labour force","A","Annual","2008","2008",,,"0","Units",,,693.85,,
"EST","Estonia","YGTT07L1_ST","Labour force","A","Annual","2009","2009",,,"0","Units",,,686.95,,
"EST","Estonia","YGTT07L1_ST","Labour force","A","Annual","2010","2010",,,"0","Units",,,681.9,,
"EST","Estonia","YGTT07L1_ST","Labour force","A","Annual","2011","2011",,,"0","Units",,,688.025,,
"EST","Estonia","YGTT07L1_ST","Labour force","A","Annual","2012","2012",,,"0","Units",,,683.4,,
"EST","Estonia","YGTT07L1_ST","Labour force","A","Annual","2013","2013",,,"0","Units",,,680.025,,
"EST","Estonia","YGTT07L1_ST","Labour force","A","Annual","2014","2014",,,"0","Units",,,674.4,,
"EST","Estonia","YGTT07L1_ST","Labour force","A","Annual","2015","2015",,,"0","Units",,,683.15,,
"EST","Estonia","YGTT07L1_ST","Labour force","A","Annual","2016","2016",,,"0","Units",,,691.4,,
"EST","Estonia","YGTT07L1_ST","Labour force","A","Annual","2017","2017",,,"0","Units",,,698.825,,
"EST","Estonia","YGTT07L1_ST","Labour force","A","Annual","2018","2018",,,"0","Units",,,702.425,,
"ISR","Israel","YGTT07L1_ST","Labour force","A","Annual","2005","2005",,,"0","Units",,,2740.075,,
"ISR","Israel","YGTT07L1_ST","Labour force","A","Annual","2006","2006",,,"0","Units",,,2809.725,,
"ISR","Israel","YGTT07L1_ST","Labour force","A","Annual","2007","2007",,,"0","Units",,,2893.8,,
"ISR","Israel","YGTT07L1_ST","Labour force","A","Annual","2008","2008",,,"0","Units",,,2957.025,,
"ISR","Israel","YGTT07L1_ST","Labour force","A","Annual","2009","2009",,,"0","Units",,,3072.85,,
"ISR","Israel","YGTT07L1_ST","Labour force","A","Annual","2010","2010",,,"0","Units",,,3147.125,,
"ISR","Israel","YGTT07L1_ST","Labour force","A","Annual","2011","2011",,,"0","Units",,,3204.2,"B","Break"
"ISR","Israel","YGTT07L1_ST","Labour force","A","Annual","2012","2012",,,"0","Units",,,3606.025,,
"ISR","Israel","YGTT07L1_ST","Labour force","A","Annual","2013","2013",,,"0","Units",,,3677.85,,
"ISR","Israel","YGTT07L1_ST","Labour force","A","Annual","2014","2014",,,"0","Units",,,3778.333,,
"ISR","Israel","YGTT07L1_ST","Labour force","A","Annual","2015","2015",,,"0","Units",,,3845.717,,
"ISR","Israel","YGTT07L1_ST","Labour force","A","Annual","2016","2016",,,"0","Units",,,3925.175,,
"ISR","Israel","YGTT07L1_ST","Labour force","A","Annual","2017","2017",,,"0","Units",,,3993.1,,
"ISR","Israel","YGTT07L1_ST","Labour force","A","Annual","2018","2018",,,"0","Units",,,4067.717,,
"SVN","Slovenia","YGTT07L1_ST","Labour force","A","Annual","2005","2005",,,"0","Units",,,1015.275,,
"SVN","Slovenia","YGTT07L1_ST","Labour force","A","Annual","2006","2006",,,"0","Units",,,1022.025,,
"SVN","Slovenia","YGTT07L1_ST","Labour force","A","Annual","2007","2007",,,"0","Units",,,1035.05,,
"SVN","Slovenia","YGTT07L1_ST","Labour force","A","Annual","2008","2008",,,"0","Units",,,1041.65,,
"SVN","Slovenia","YGTT07L1_ST","Labour force","A","Annual","2009","2009",,,"0","Units",,,1041.675,,
"SVN","Slovenia","YGTT07L1_ST","Labour force","A","Annual","2010","2010",,,"0","Units",,,1041.4,,
"SVN","Slovenia","YGTT07L1_ST","Labour force","A","Annual","2011","2011",,,"0","Units",,,1019.35,,
"SVN","Slovenia","YGTT07L1_ST","Labour force","A","Annual","2012","2012",,,"0","Units",,,1013.35,,
"SVN","Slovenia","YGTT07L1_ST","Labour force","A","Annual","2013","2013",,,"0","Units",,,1007.7,,
"SVN","Slovenia","YGTT07L1_ST","Labour force","A","Annual","2014","2014",,,"0","Units",,,1014.825,,
"SVN","Slovenia","YGTT07L1_ST","Labour force","A","Annual","2015","2015",,,"0","Units",,,1007.775,,
"SVN","Slovenia","YGTT07L1_ST","Labour force","A","Annual","2016","2016",,,"0","Units",,,994.575,,
"SVN","Slovenia","YGTT07L1_ST","Labour force","A","Annual","2017","2017",,,"0","Units",,,1026.475,,
"SVN","Slovenia","YGTT07L1_ST","Labour force","A","Annual","2018","2018",,,"0","Units",,,1033.45,,
"COL","Colombia","YGTT07L1_ST","Labour force","A","Annual","2007","2007",,,"0","Units",,,19064.65,,
"COL","Colombia","YGTT07L1_ST","Labour force","A","Annual","2008","2008",,,"0","Units",,,19476,,
"COL","Colombia","YGTT07L1_ST","Labour force","A","Annual","2009","2009",,,"0","Units",,,20687.67,,
"COL","Colombia","YGTT07L1_ST","Labour force","A","Annual","2010","2010",,,"0","Units",,,21517.77,,
"COL","Colombia","YGTT07L1_ST","Labour force","A","Annual","2011","2011",,,"0","Units",,,22125.68,,
"COL","Colombia","YGTT07L1_ST","Labour force","A","Annual","2012","2012",,,"0","Units",,,22772.32,,
"COL","Colombia","YGTT07L1_ST","Labour force","A","Annual","2013","2013",,,"0","Units",,,23016.82,,
"COL","Colombia","YGTT07L1_ST","Labour force","A","Annual","2014","2014",,,"0","Units",,,23390.81,,
"COL","Colombia","YGTT07L1_ST","Labour force","A","Annual","2015","2015",,,"0","Units",,,23937.73,,
"COL","Colombia","YGTT07L1_ST","Labour force","A","Annual","2016","2016",,,"0","Units",,,24200.61,,
"COL","Colombia","YGTT07L1_ST","Labour force","A","Annual","2017","2017",,,"0","Units",,,24488.77,,
"COL","Colombia","YGTT07L1_ST","Labour force","A","Annual","2018","2018",,,"0","Units",,,24706.93,,
"RUS","Russia","YGTT07L1_ST","Labour force","A","Annual","2005","2005",,,"0","Units",,,73431.7,,
"RUS","Russia","YGTT07L1_ST","Labour force","A","Annual","2006","2006",,,"0","Units",,,74166.9,,
"RUS","Russia","YGTT07L1_ST","Labour force","A","Annual","2007","2007",,,"0","Units",,,75158.97,,
"RUS","Russia","YGTT07L1_ST","Labour force","A","Annual","2008","2008",,,"0","Units",,,75756.56,,
"RUS","Russia","YGTT07L1_ST","Labour force","A","Annual","2009","2009",,,"0","Units",,,75657.75,,
"RUS","Russia","YGTT07L1_ST","Labour force","A","Annual","2010","2010",,,"0","Units",,,75439.75,,
"RUS","Russia","YGTT07L1_ST","Labour force","A","Annual","2011","2011",,,"0","Units",,,75779.02,,
"RUS","Russia","YGTT07L1_ST","Labour force","A","Annual","2012","2012",,,"0","Units",,,75676.08,,
"RUS","Russia","YGTT07L1_ST","Labour force","A","Annual","2013","2013",,,"0","Units",,,75528.91,,
"RUS","Russia","YGTT07L1_ST","Labour force","A","Annual","2014","2014",,,"0","Units",,,75428.41,,
"RUS","Russia","YGTT07L1_ST","Labour force","A","Annual","2015","2015",,,"0","Units",,,76587.55,,
"RUS","Russia","YGTT07L1_ST","Labour force","A","Annual","2016","2016",,,"0","Units",,,76636.12,,
"RUS","Russia","YGTT07L1_ST","Labour force","A","Annual","2017","2017",,,"0","Units",,,76108.52,,
"RUS","Russia","YGTT07L1_ST","Labour force","A","Annual","2018","2018",,,"0","Units",,,76190.11,,
"LVA","Latvia","YGTT07L1_ST","Labour force","A","Annual","2005","2005",,,"0","Units",,,1080.8,,
"LVA","Latvia","YGTT07L1_ST","Labour force","A","Annual","2006","2006",,,"0","Units",,,1108.9,,
"LVA","Latvia","YGTT07L1_ST","Labour force","A","Annual","2007","2007",,,"0","Units",,,1125.5,,
"LVA","Latvia","YGTT07L1_ST","Labour force","A","Annual","2008","2008",,,"0","Units",,,1143.4,,
"LVA","Latvia","YGTT07L1_ST","Labour force","A","Annual","2009","2009",,,"0","Units",,,1101.4,,
"LVA","Latvia","YGTT07L1_ST","Labour force","A","Annual","2010","2010",,,"0","Units",,,1056.5,,
"LVA","Latvia","YGTT07L1_ST","Labour force","A","Annual","2011","2011",,,"0","Units",,,1028.225,,
"LVA","Latvia","YGTT07L1_ST","Labour force","A","Annual","2012","2012",,,"0","Units",,,1030.725,,
"LVA","Latvia","YGTT07L1_ST","Labour force","A","Annual","2013","2013",,,"0","Units",,,1014.25,,
"LVA","Latvia","YGTT07L1_ST","Labour force","A","Annual","2014","2014",,,"0","Units",,,992.25,,
"LVA","Latvia","YGTT07L1_ST","Labour force","A","Annual","2015","2015",,,"0","Units",,,994.225,,
"LVA","Latvia","YGTT07L1_ST","Labour force","A","Annual","2016","2016",,,"0","Units",,,988.625,,
"LVA","Latvia","YGTT07L1_ST","Labour force","A","Annual","2017","2017",,,"0","Units",,,980.25,,
"LVA","Latvia","YGTT07L1_ST","Labour force","A","Annual","2018","2018",,,"0","Units",,,982.175,,
"LTU","Lithuania","YGTT07L1_ST","Labour force","A","Annual","2005","2005",,,"0","Units",,,1564.7,,
"LTU","Lithuania","YGTT07L1_ST","Labour force","A","Annual","2006","2006",,,"0","Units",,,1516.575,,
"LTU","Lithuania","YGTT07L1_ST","Labour force","A","Annual","2007","2007",,,"0","Units",,,1515.975,,
"LTU","Lithuania","YGTT07L1_ST","Labour force","A","Annual","2008","2008",,,"0","Units",,,1515.4,,
"LTU","Lithuania","YGTT07L1_ST","Labour force","A","Annual","2009","2009",,,"0","Units",,,1528.075,,
"LTU","Lithuania","YGTT07L1_ST","Labour force","A","Annual","2010","2010",,,"0","Units",,,1518.075,,
"LTU","Lithuania","YGTT07L1_ST","Labour force","A","Annual","2011","2011",,,"0","Units",,,1481.65,,
"LTU","Lithuania","YGTT07L1_ST","Labour force","A","Annual","2012","2012",,,"0","Units",,,1472.55,,
"LTU","Lithuania","YGTT07L1_ST","Labour force","A","Annual","2013","2013",,,"0","Units",,,1465.225,,
"LTU","Lithuania","YGTT07L1_ST","Labour force","A","Annual","2014","2014",,,"0","Units",,,1477.05,,
"LTU","Lithuania","YGTT07L1_ST","Labour force","A","Annual","2015","2015",,,"0","Units",,,1468.875,,
"LTU","Lithuania","YGTT07L1_ST","Labour force","A","Annual","2016","2016",,,"0","Units",,,1477.55,,
"LTU","Lithuania","YGTT07L1_ST","Labour force","A","Annual","2017","2017",,,"0","Units",,,1457.925,,
"LTU","Lithuania","YGTT07L1_ST","Labour force","A","Annual","2018","2018",,,"0","Units",,,1464.75,,
